{
  "source": "phase2",
  "trial": 71,
  "score": 0.7097787873000403,
  "model": {
    "d_model": 512,
    "d_ff": 2048,
    "n_heads": 8,
    "n_layers": 16,
    "seq_length": 60,
    "dropout": 0.21538,
    "learning_rate": 0.0003046,
    "batch_size": 512,
    "epochs": 800
  },
  "strategy": {
    "buy_threshold": 0.015344325501750711,
    "sell_threshold": -0.00797822570268291,
    "stop_loss_ratio": 0.062379988020108565,
    "take_profit_ratio": 0.14165906652561616,
    "max_position_ratio": 0.37681845132574254
  },
  "performance": {
    "annual_return": 0.40681817079004823,
    "max_drawdown": 0.05434931260184141,
    "sharpe_ratio": 1.1972063971667881,
    "win_rate": 0.4246575342465753
  }
}